stock_code,description,parent_stock_type,parent_stock_code,stock_available,post_type,image_1,image_2
BD1244,,"Bedroom Costume",BD1244,243,product,"Baci\BD1244_01","Baci\BD1244_02.jpg"
BD1301,,"Thigh High",BD1301,196,product,"Baci\BD1301_000_01",
BD1322,,"Bedroom Costume",BD1322,13,product,"Baci\BD1322_01","Baci\BD1322_02.jpg"
BD1326,,"Bedroom Costume",BD1326,14,product,"Baci\1326_front","Baci\1326_back.jpg"
BD1354,,"Bedroom Costume",BD1354,13,product,"Baci\1354_front","Baci\1354_back.jpg"
BD1361,,"Bedroom Costume",BD1361,54,product,"Baci\BD1361_01","Baci\BD1361_02.jpg"
BD1363,,"Thigh High",BD1363,56,product,"Baci\BD1363_000_01",
BD1374,,"Thigh High",BD1374,73,product,"Baci\BD1374_003_01",
BD1375,,"Thigh High",BD1375,162,product,"Baci\BD1375_003_01",
BD1377,,"Thigh High",BD1377,163,product,"Baci\BD1377_003_01",
BE481,,Eyelash,BE481,102,product,"Baci\BE481_01",BE481_01,"Eyelashes\BE481_01"
BE483,,Eyelash,BE483,92,product,"Baci\BE483_01",BE483_01,"Eyelashes\BE483_01"
BE484,,Eyelash,BE484,21,product,"Baci\BE484_01",BE484_01,"Eyelashes\BE484_01"
BE485,,Eyelash,BE485,5,product,"Baci\BE485_01",BE485_01,"Eyelashes\BE485_01"
BE486,,Eyelash,BE486,134,product,"Baci\BE486_01",BE486_01,"Eyelashes\BE486_01"
BE488,,Eyelash,BE488,64,product,"Baci\BE488_01",BE488_01,"Eyelashes\BE488_01"
BE489,,Eyelash,BE489,115,product,"Baci\BE489_01",BE489_01,"Eyelashes\BE489_01"
BE492,,Eyelash,BE492,81,product,"Baci\BE492_01",BE492_01,"Eyelashes\BE492_01"
BE494,,Eyelash,BE494,126,product,"Baci\BE494_01",BE494_01,"Eyelashes\BE494_01"
BE496,,Eyelash,BE496,38,product,"Baci\BE496_01",BE496_01,"Eyelashes\BE496_01"
BE498,,Eyelash,BE498,118,product,"Baci\BE498_01",BE498_01,"Eyelashes\BE498_01"
BE500,,Eyelash,BE500,50,product,"Baci\BE500_01",BE500_01,"Eyelashes\BE500_01"
BE506,,Eyelash,BE506,118,product,"Baci\BE506_01",BE506_01,"Eyelashes\BE506_01"
BE508,,Eyelash,BE508,126,product,"Baci\BE508_01",BE508_01,"Eyelashes\BE508_01"
BE510,,Eyelash,BE510,66,product,"Baci\BE510_01",BE510_01,"Eyelashes\BE510_01"
BE511,,Eyelash,BE511,26,product,"Baci\BE511_01",BE511_01,"Eyelashes\BE511_01"
BE512,,Eyelash,BE512,129,product,"Baci\BE512_01",BE512_01,"Eyelashes\BE512_01"
BE517,,Eyelash,BE517,106,product,"Baci\BE517_01",BE517_01,"Eyelashes\BE517_01"
BE520,,Eyelash,BE520,71,product,"Baci\BE520_01",BE520_01,"Eyelashes\BE520_01"
BE522,,Eyelash,BE522,32,product,"Baci\BE522_01",BE522_01,"Eyelashes\BE522_01"
BE523,,Eyelash,BE523,74,product,"Baci\BE523_01",BE523_01,"Eyelashes\BE523_01"
BE525,,Eyelash,BE525,78,product,"Baci\BE525_01",BE525_01,"Eyelashes\BE525_01"
BE533,,Eyelash,BE533,119,product,"Baci\BE533_01",BE533_01,"Eyelashes\BE533_01"
BE535,,Eyelash,BE535,100,product,"Baci\BE535_01",BE535_01,"Eyelashes\BE535_01"
BE536,,Eyelash,BE536,136,product,"Baci\BE536_01",BE536_01,"Eyelashes\BE536_01"
BE539,,Eyelash,BE539,18,product,"Baci\BE539_01",BE539_01,"Eyelashes\BE539_01"
BE546,,Eyelash,BE546,46,product,"Baci\BE546_01",BE546_01,"Eyelashes\BE546_01"
BE551,,Eyelash,BE551,37,product,"Baci\BE551_01",BE551_01,"Eyelashes\BE551_01"
BE570,,Eyelash,BE570,62,product,"Baci\BE570_01",BE570_01,"Eyelashes\BE570_01"
BE573,,Eyelash,BE573,118,product,"Baci\BE573_01",BE573_01,"Eyelashes\BE573_01"
BE580,,Eyelash,BE580,115,product,"Baci\BE580_01",BE580_01,"Eyelashes\BE580_01"
BE582,,Eyelash,BE582,81,product,"Baci\BE582_01",BE582_01,"Eyelashes\BE582_01"
BE584,,Eyelash,BE584,75,product,"Baci\BE584_01",BE584_01,"Eyelashes\BE584_01"
BE586,,Eyelash,BE586,62,product,"Baci\BE586_01",BE586_01,"Eyelashes\BE586_01"
BE588,,Eyelash,BE588,10,product,"Baci\BE588_01",BE588_01,"Eyelashes\BE588_01"
BE597,,Eyelash,BE597,112,product,"Baci\BE597_01",BE597_01,"Eyelashes\BE597_01"
BE599,,Eyelash,BE599,63,product,"Baci\BE599_01",BE599_01,"Eyelashes\BE599_01"
BE604,,Eyelash,BE604,48,product,"Baci\BE604_01",BE604_01,"Eyelashes\BE604_01"
BE606,,Eyelash,BE606,19,product,"Baci\BE606_01",BE606_01,"Eyelashes\BE606_01"
BE607,,Eyelash,BE607,166,product,"Baci\BE607_01",BE607_01,"Eyelashes\BE607_01"
BE608,,Eyelash,BE608,58,product,"Baci\BE608_01",BE608_01,"Eyelashes\BE608_01"
BE609,,Eyelash,BE609,67,product,"Baci\BE609_01",BE609_01,"Eyelashes\BE609_01"
BE611,,Eyelash,BE611,21,product,"Baci\BE611_01",BE611_01,"Eyelashes\BE611_01"
BE612,,Eyelash,BE612,45,product,"Baci\BE612_01",BE612_01,"Eyelashes\BE612_01"
BE615,,Eyelash,BE615,98,product,"Baci\BE615_01",BE615_01,"Eyelashes\BE615_01"
BE622,,Eyelash,BE622,124,product,"Baci\BE622_01",BE622_01,"Eyelashes\BE622_01"
BE624,,Eyelash,BE624,69,product,"Baci\BE624_01",BE624_01,"Eyelashes\BE624_01"
BE627,,Eyelash,BE627,68,product,"Baci\BE627_01",BE627_01,"Eyelashes\BE627_01"
BE632,,Eyelash,BE632,89,product,"Baci\BE632_01",BE632_01,"Eyelashes\BE632_01"
BE644,,Eyelash,BE644,59,product,"Baci\BE644_01",BE644_01,"Eyelashes\BE644_01"
BE647,,Eyelash,BE647,76,product,"Baci\BE647_01",BE647_01,"Eyelashes\BE647_01"
BE656,,Eyelash,BE656,42,product,"Baci\BE656_01",BE656_01,"Eyelashes\BE656_01"
BE657,,Eyelash,BE657,32,product,"Baci\BE657_01",BE657_01,"Eyelashes\BE657_01"
BE658,,Eyelash,BE658,42,product,"Baci\BE658_01",BE658_01,"Eyelashes\BE658_01"
BE659,,Eyelash,BE659,25,product,"Baci\BE659_01",BE659_01,"Eyelashes\BE659_01"
BE660,,Eyelash,BE660,24,product,"Baci\BE660_01",BE660_01,"Eyelashes\BE660_01"
BE661,,Eyelash,BE661,35,product,"Baci\BE661_01",BE661_01,"Eyelashes\BE661_01"
BE663,,Eyelash,BE663,49,product,"Baci\BE663_01",BE663_01,"Eyelashes\BE663_01"
BE664,,Eyelash,BE664,19,product,"Baci\BE664_01",BE664_01,"Eyelashes\BE664_01"
BE666,,Eyelash,BE666,31,product,"Baci\BE666_01",BE666_01,"Eyelashes\BE666_01"
BE667,,Eyelash,BE667,48,product,"Baci\BE667_01",BE667_01,"Eyelashes\BE667_01"
BE669,,Eyelash,BE669,63,product,"Baci\BE669_01",BE669_01,"Eyelashes\BE669_01"
BE671,,Eyelash,BE671,32,product,"Baci\BE671_01",BE671_01,"Eyelashes\BE671_01"
BE672,,Eyelash,BE672,41,product,"Baci\BE672_01",BE672_01,"Eyelashes\BE672_01"
BE674,,Eyelash,BE674,22,product,"Baci\BE674_01",BE674_01,"Eyelashes\BE674_01"
BE675,,Eyelash,BE675,73,product,"Baci\BE675_01",BE675_01,"Eyelashes\BE675_01"
BE676,,Eyelash,BE676,22,product,"Baci\BE676_01",BE676_01,"Eyelashes\BE676_01"
BE677,,Eyelash,BE677,41,product,"Baci\BE677_01",BE677_01,"Eyelashes\BE677_01"
BE678,,Eyelash,BE678,35,product,"Baci\BE678_01",BE678_01,"Eyelashes\BE678_01"
BE680,,Eyelash,BE680,28,product,"Baci\BE680_01",BE680_01,"Eyelashes\BE680_01"
BE681,,Eyelash,BE681,65,product,"Baci\BE681_01",BE681_01,"Eyelashes\BE681_01"
BE682,,Eyelash,BE682,40,product,"Baci\BE682_01",BE682_01,"Eyelashes\BE682_01"
BE683,,Eyelash,BE683,33,product,"Baci\BE683_01",BE683_01,"Eyelashes\BE683_01"
BE685,,Eyelash,BE685,1,product,"Baci\BE685_01",BE685_01,"Eyelashes\BE685_01"
BE686,,Eyelash,BE686,41,product,"Baci\BE686_01",BE686_01,"Eyelashes\BE686_01"
BE687,,Eyelash,BE687,70,product,"Baci\BE687_01",BE687_01,"Eyelashes\BE687_01"
BE690,,Eyelash,BE690,26,product,"Baci\BE690_01",BE690_01,"Eyelashes\BE690_01"
BE691,,Eyelash,BE691,33,product,"Baci\BE691_01",BE691_01,"Eyelashes\BE691_01"
BW048,,Pastee,BW048,78,product,"Baci\BW048_01.jpg",
BW088,,Babydoll,BW088,1,product,"Baci\BW088_01.jpg","Baci\BW088_02.jpg"
BW3026,,Chemise,BW3026,1,product,"Baci\BW3026_01.jpg","Baci\BW3026_02.jpg"
BW3033,,Teddy,BW3033,157,product,"Baci\BW3033_01","Baci\BW3033_02.jpg"
BW3040,,Babydoll,BW3040,3,product,"Baci\BW3040_01","Baci\BW3040_02.jpg"
BW3045,,"Bra Set",BW3045,8,product,"Baci\BW3045_01","Baci\BW3045_02.jpg"
BW3046,,"Bra Set",BW3046,0,product,"Baci\BW3046_01","Baci\BW3046_02.jpg"
BW3048,,Garterbelt,BW3048,155,product,"Baci\BW3048_01","Baci\BW3048_02.jpg"
BW3049,,Garterbelt,BW3049,212,product,"Baci\BW3049_01.jpg",
BW3050,,"Leg Garter",BW3050,23,product,"Baci\BW3050_01",
BW3051,,"Leg Garter",BW3051,18,product,"Baci\BW3051_01",
BW3052,,"Leg Garter",BW3052,132,product,"Baci\BW3052_01",
BW3054,,Chemise,BW3054,0,product,"Baci\BW3054_01","Baci\BW3054_02.jpg"
BW3055,,Chemise,BW3055,158,product,"Baci\BW3055_01","Baci\BW3055_02.jpg"
BW3057,,Chemise,BW3057,22,product,"Baci\BW3057_01","Baci\BW3057_02.jpg"
BW3058,,Chemise,BW3058,3,product,"Baci\BW3058_01","Baci\BW3058_02.jpg"
BW3060,,Chemise,BW3060,18,product,"Baci\BW3060_01","Baci\BW3060_02.jpg"
BW3068,,Babydoll,BW3068,2,product,"Baci\BW3068_01","Baci\BW3068_02.jpg"
BW3072,,"Bra Set",BW3072,52,product,"Baci\BW3072_01","Baci\BW3072_02.jpg"
BW3076,,Garterbelt,BW3076,19,product,"Baci\BW3076_01","Baci\BW3076_02.jpg"
BW3077,,"Leg Garter",BW3077,1,product,"Baci\BW3077_01",
BW3078,,"Leg Garter",BW3078,73,product,"Baci\BW3078_01",
BW3079,,"Leg Garter",BW3079,192,product,"Baci\BW3079_01",
BW3082,,Masks,BW3082,44,product,"Baci\BW3082_01",
BW3108,,"Bustiers & Corsets",BW3108,23,product,"Baci\3108-LEO_front","Baci\3108-LEO_back.jpg"
BW471,,Pantyhose,BW471,7,product,"Baci\BW471_01.jpg","Baci\BW471_02.jpg"
BW128-PNK-M,"Crotchless lace panties - Pink Medium",Knicker,BW128,101,product,"Baci\BW128_01.jpg","Baci\BW128_02.jpg"
BW128-PNK-L,"Crotchless lace panties - Pink Large",Knicker,BW128,10,product,"Baci\BW128_01.jpg","Baci\BW128_02.jpg"
BD1246-BLK-QUEEN,"Mesh Blouse & Pin Stripe Skirt Set - Black Queen Size","Bedroom Costume",BD1246,1,product,"Baci\BD1246_003_01.jpg","Baci\BD1246_003_02.jpg"
BD1246-BLK-DIVA,"Mesh Blouse & Pin Stripe Skirt Set - Black Diva Size","Bedroom Costume",BD1246,4,product,"Baci\BD1246_003_01.jpg","Baci\BD1246_003_02.jpg"
BD1217-BLK-M/L,"Mesh Chemise, Gold Badge & Headwear Set - Black Medium/Large","Bedroom Costume",BD1217,8,product,"Baci\BD1217_01","Baci\BD1217_02.jpg"
BD1217-BLK-QUEEN,"Mesh Chemise, Gold Badge & Headwear Set - Black Queen Size","Bedroom Costume",BD1217,31,product,"Baci\BD1217_01","Baci\BD1217_02.jpg"
BD1217-BLK-DIVA,"Mesh Chemise, Gold Badge & Headwear Set - Black Diva Size","Bedroom Costume",BD1217,37,product,"Baci\BD1217_01","Baci\BD1217_02.jpg"
BD1220-WHT-QS,"Airlines First Class Flight Attendant / White / Queen Size","Bedroom Costume",BD1220,25,product,"Baci\1220_front.jpg",
BD1221-BLK-OS,"Black stewardess uniform / Black / One Size","Bedroom Costume",BD1221,6,product,"Baci\1221_front.jpg",
BD1227-WHT/RED-QUEEN,"Top and Mini Skirt with Garter - White/Red Queen Size","Bedroom Costume",BD1227,80,product,"Baci\BD1227_03","Baci\BD1227_02.jpg"
BD1227-WHT/RED-DIVA,"Top and Mini Skirt with Garter - White/Red Diva Size","Bedroom Costume",BD1227,32,product,"Baci\BD1227_03","Baci\BD1227_02.jpg"
BD1227-WHT/RED-S/M,"Top and Mini Skirt with Garter - White/Red Small/Medium","Bedroom Costume",BD1227,0,product,"Baci\BD1227_03","Baci\BD1227_02.jpg"
BD1227-WHT/RED-M/L,"Top and Mini Skirt with Garter - White/Red Medium/Large","Bedroom Costume",BD1227,0,product,"Baci\BD1227_03","Baci\BD1227_02.jpg"
BD1228,,"Bedroom Costume",BD1228,0,product,"Baci\1228_front.jpg",
BD1231-BLK/RED-S/M,"Show Me Top, Gloves and Mini Skirt with Garter - Black/Red Small/Medium","Bedroom Costume",BD1231,19,product,"Baci\BD1231_01","Baci\BD1231_02.jpg"
BD1231-BLK/RED-M/L,"Show Me Top, Gloves and Mini Skirt with Garter - Black/Red Medium/Large","Bedroom Costume",BD1231,136,product,"Baci\BD1231_01","Baci\BD1231_02.jpg"
BD1231-BLK/RED-QUEEN,"Show Me Top, Gloves and Mini Skirt with Garter - Black/Red Queen Size","Bedroom Costume",BD1231,3,product,"Baci\BD1231_01","Baci\BD1231_02.jpg"
BD1231-BLK/RED-DIVA,"Show Me Top, Gloves and Mini Skirt with Garter - Black/Red Diva Size","Bedroom Costume",BD1231,80,product,"Baci\BD1231_01","Baci\BD1231_02.jpg"
BD1243-BLK/RED-M/L,"Mini Dress, Panty and Hat - Black/Red Medium/Large","Bedroom Costume",BD1243,26,product,"Baci\BD1243_01",
BD1243-BLK/RED-S/M,"Mini Dress, Panty and Hat - Black/Red Small/Medium","Bedroom Costume",BD1243,7,product,"Baci\BD1243_01","Baci\BD1243_02.jpg"
BD1243-BLK/RED-QUEEN,"Mini Dress, Panty and Hat - Black/Red Queen Size","Bedroom Costume",BD1243,31,product,"Baci\BD1243_01","Baci\BD1243_02.jpg"
BD1243-BLK/RED-DIVA,"Mini Dress, Panty and Hat - Black/Red Diva Size","Bedroom Costume",BD1243,33,product,"Baci\BD1243_01","Baci\BD1243_02.jpg"
BD1250,,"Bedroom Costume",BD1250,0,product,"Baci\1250_front.jpg",
BD1291-BLK/BLU-OS,"Top with Badge ,Garter, Panty and Hat - Black/Blue One Size","Bedroom Costume",BD1291,39,product,"Baci\BD1291_01","Baci\BD1291_02.jpg"
BD1291-BLK/BLU-QUEEN,"Top with Badge ,Garter, Panty and Hat - Black/Blue Queen Size","Bedroom Costume",BD1291,74,product,"Baci\BD1291_01","Baci\BD1291_02.jpg"
BD1291-BLK/BLU-DIVA,"Top with Badge ,Garter, Panty and Hat - Black/Blue Diva Size","Bedroom Costume",BD1291,85,product,"Baci\BD1291_01","Baci\BD1291_02.jpg"
BD1297-BLK/WHT-M/L,"Stripe Bra, Mesh Skirt, Collar Chain Set - Black/White Medium/Large","Bedroom Costume",BD1297,59,product,"Baci\BD1297_01","Baci\BD1297_02.jpg"
BD1297-BLK/WHT-S/M,"Stripe Bra, Mesh Skirt, Collar Chain Set - Black/White Small/Medium","Bedroom Costume",BD1297,37,product,"Baci\BD1297_01","Baci\BD1297_02.jpg"
BD1298-BLK/BLU-M/L,"Mesh Chemise, Panty, Garter, Badge, Tie & Headwear Set - Black/Blue Medium/Large","Bedroom Costume",BD1298,13,product,"Baci\BD1298_01","Baci\BD1298_02.jpg"
BD1298-BLK/BLU-S/M,"Mesh Chemise, Panty, Garter, Badge, Tie & Headwear Set - Black/Blue Small/Medium","Bedroom Costume",BD1298,9,product,"Baci\BD1298_01","Baci\BD1298_02.jpg"
BD1298-BLK/BLU-QUEEN,"Mesh Chemise, Panty, Garter, Badge, Tie & Headwear Set - Black/Blue Queen Size","Bedroom Costume",BD1298,17,product,"Baci\BD1298_01","Baci\BD1298_02.jpg"
BD1302-BLK/WHT-M/L,"Tie Top, Mini Skirt and cuffs with chain - Black/White Medium/Large","Bedroom Costume",BD1302,88,product,"Baci\BD1302_01","Baci\BD1302_02.jpg"
BD1302-BLK/WHT-S/M,"Tie Top, Mini Skirt and cuffs with chain - Black/White Small/Medium","Bedroom Costume",BD1302,83,product,"Baci\BD1302_01","Baci\BD1302_02.jpg"
BD1302-BLK/WHT-QUEEN,"Tie Top, Mini Skirt and cuffs with chain - Black/White Queen Size","Bedroom Costume",BD1302,91,product,"Baci\BD1302_01","Baci\BD1302_02.jpg"
BD1302-BLK/WHT-DIVA,"Tie Top, Mini Skirt and cuffs with chain - Black/White Diva Size","Bedroom Costume",BD1302,94,product,"Baci\BD1302_01","Baci\BD1302_02.jpg"
BD1302-BLK/WHT-DS,"Tie Top, Mini Skirt and cuffs with chain - Black & White Diva Size","Bedroom Costume",BD1302,0,product,"Baci\BD1302_01","Baci\BD1302_02.jpg"
BD1302-BLK/WHT-QS,"Tie Top, Mini Skirt and cuffs with chain - Black & White Queen Size","Bedroom Costume",BD1302,0,product,"Baci\BD1302_01","Baci\BD1302_02.jpg"
BD1306-CAMO-S/M,"Red Scarf, Mesh Bra and Skirt - Camouflage Small/Medium","Bedroom Costume",BD1306,21,product,"Baci\BD1306_01",
BD1306-CAMO-M/L,"Red Scarf, Mesh Bra and Skirt - Camouflage Medium/Large","Bedroom Costume",BD1306,11,product,"Baci\BD1306_01",
BD1312-BLK-DIVA,"Eye Mask, Collar with Cuff, Panty and Leg Garter - Black Diva Size","Bedroom Costume",BD1312,34,product,"Baci\1312_front","Baci\1312_back.jpg"
BD1312-BLK-QUEEN,"Eye Mask, Collar with Cuff, Panty and Leg Garter - Black Queen Size","Bedroom Costume",BD1312,17,product,"Baci\1312_front","Baci\1312_back.jpg"
BD1332-BLK/WHT-S/M,"Panty & Headwear Set - Black/White Small/Medium","Bedroom Costume",BD1332,38,product,"Baci\BD1332_01","Baci\BD1332_02.jpg"
BD1332-BLK/WHT-M/L,"Panty & Headwear Set - Black/White Medium/Large","Bedroom Costume",BD1332,37,product,"Baci\BD1332_01","Baci\BD1332_02.jpg"
BD1348-BLK/WHT-QUEEN,"Ruffle Bra, Garter Skirt/ Apron & Headwear - Black/White Queen Size","Bedroom Costume",BD1348,13,product,"Baci\1348_front","Baci\1348_back.jpg"
BD1348-BLK/WHT-DIVA,"Ruffle Bra, Garter Skirt/ Apron & Headwear - Black/White Diva Size","Bedroom Costume",BD1348,13,product,"Baci\1348_front","Baci\1348_back.jpg"
BD1352-BLK/WHT-ML,"Black and white bikini set with suspenders / Black/White / Medium/Large","Bedroom Costume",BD1352,31,product,"Baci\1352_front.jpg",
BD1362-BLK/WHT-DIVA,"Apron - Teddy and Collar - Black/White Diva Size","Bedroom Costume",BD1362,64,product,"Baci\1362_front",
BW006-BLU-L,"Lace & Mesh Thong / Blue / Large",Thong,BW006,27,product,"Baci\BW006_01.jpg",
BW006-BLU-M,"Lace & Mesh Thong / Blue / Medium",Thong,BW006,39,product,"Baci\BW006_01.jpg",
BW006-BLU-S,"Lace & Mesh Thong / Blue / Small",Thong,BW006,64,product,"Baci\BW006_01.jpg",
BW007-WHT-DIVA,"Crotchless Lace Thong - White Diva Size",Knicker,BW007,9,product,"Baci\BW007_03.jpg","Baci\BW007_04.jpg"
BW013-BLK/PNK-S,"Mesh Boyshort with lace Trim - Black/Pink Small",Boyshort,BW013,91,product,"Baci\BW013_01.jpg","Baci\BW013_02.jpg"
BW013-BLK/PNK-M,"Mesh Boyshort with lace Trim - Black/Pink Medium",Boyshort,BW013,197,product,"Baci\BW013_01.jpg","Baci\BW013_02.jpg"
BW013-BLK/PNK-L,"Mesh Boyshort with lace Trim - Black/Pink Large",Boyshort,BW013,160,product,"Baci\BW013_01.jpg","Baci\BW013_02.jpg"
BW016-WHT-L,"Lace Thong / White / Large",Thong,BW016,23,product,"Baci\BW016_01.jpg",
BW016-WHT-M,"Lace Thong / White / Medium",Thong,BW016,28,product,"Baci\BW016_01.jpg",
BW016-WHT-S,"Lace Thong / White / Small",Thong,BW016,47,product,"Baci\BW016_01.jpg",
BW017-LPNK-L,"Lace Thong / Light Pink / Large",Thong,BW017,36,product,"Baci\BW017_01.jpg",
BW017-LPNK-M,"Lace Thong / Light Pink / Medium",Thong,BW017,2,product,"Baci\BW017_01.jpg",
BW017-LPNK-S,"Lace Thong / Light Pink / Small",Thong,BW017,27,product,"Baci\BW017_01.jpg",
BW021-WHT-DS,"Lace Low-Rise Booty Shorts / White / Diva Size",Boyshort,BW021,77,product,"Baci\BW021_03.jpg",
BW021-WHT-L,"Lace Low-Rise Booty Shorts / White / Large",Boyshort,BW021,30,product,"Baci\BW021_01.jpg",
BW021-WHT-QS,"Lace Low-Rise Booty Shorts / White / Queen Size",Boyshort,BW021,88,product,"Baci\BW021_03.jpg",
BW041-WHT-DS,"Lace Boyshort / White / Diva Size",Boyshort,BW041,68,product,"Baci\BW041_03.jpg",
BW041-WHT-QS,"Lace Boyshort / White / Queen Size",Boyshort,BW041,58,product,"Baci\BW041_03.jpg",
BW053-ZEB-L,"Lace & Microfiber Thong - Zebra Large.",Thong,BW053,58,product,"Baci\BW053_01.jpg","Baci\BW053_02.jpg"
BW054-ZEB/LPNK-DS,"Lace halter dress / Zebra/Light Pink / Diva Size",Dress,BW054,34,product,"Baci\BW054_03.jpg",
BW054-ZEB/LPNK-QS,"Lace halter dress / Zebra/Light Pink / Queen Size",Dress,BW054,30,product,"Baci\BW054_03.jpg",
BW067-LEO-DIVA,"Two-Piece Chemise Set - Leopard Diva Size",Chemise,BW067,13,product,"Baci\BW067_03.jpg","Baci\BW067_04.jpg"
BW070-BLK/LEO-L,"Lace And Microfiber Thong / Black /Leopard / Large",Thong,BW070,34,product,"Baci\BW070_01.jpg",
BW073-LEO/PNK-DS,"Two-Piece babydoll Set / Leopard/Pink / Diva Size",Babydoll,BW073,91,product,"Baci\BW073_03.jpg",
BW073-LEO/PNK-OS,"Two-Piece babydoll Set / Leopard/Pink / One Size",Babydoll,BW073,1,product,"Baci\BW073_01.jpg",
BW073-LEO/PNK-QS,"Two-Piece babydoll Set / Leopard/Pink / Queen Size",Babydoll,BW073,85,product,"Baci\BW073_03.jpg",
BW079-LEO/BLU-DS,"Lace halter dress / Leopard/Blue / Diva Size",Dress,BW079,83,product,"Baci\BW079_03.jpg",
BW079-LEO/BLU-OS,"Lace halter dress / Leopard/Blue / One Size",Dress,BW079,10,product,"Baci\BW079_01.jpg",
BW079-LEO/BLU-QS,"Lace halter dress / Leopard/Blue / Queen Size",Dress,BW079,86,product,"Baci\BW079_03.jpg",
BW083-WHT/PNK-DS,"Two-Piece Doll Set / White/Pink / Diva Size",Babydoll,BW083,79,product,"Baci\BW083_03.jpg",
BW083-WHT/PNK-QS,"Two-Piece Doll Set / White/Pink / Queen Size",Babydoll,BW083,78,product,"Baci\BW083_03.jpg",
BW086-WHT/LPNK-L,"Microfiber Boyshorts w/lace Trim / White/Light Pink / Large",Boyshort,BW086,25,product,"Baci\BW086_01.jpg",
BW086-WHT/LPNK-M,"Microfiber Boyshorts w/lace Trim / White/Light Pink / Medium",Boyshort,BW086,108,product,"Baci\BW086_01.jpg",
BW086-WHT/LPNK-S,"Microfiber Boyshorts w/lace Trim / White/Light Pink / Small",Boyshort,BW086,36,product,"Baci\BW086_01.jpg",
BW098-PNK-DS,"Lace Halter Dress / Pink / Diva Size",Dress,BW098,40,product,"Baci\BW098_03.jpg",
BW098-PNK-OS,"Lace Halter Dress / Pink / One Size",Dress,BW098,12,product,"Baci\BW098_01.jpg",
BW098-PNK-QS,"Lace Halter Dress / Pink / Queen Size",Dress,BW098,33,product,"Baci\BW098_03.jpg",
BW111-PNK-DIVA,"Deep-V Flower Lace Dress - Pink Diva Size",Dress,BW111,52,product,"Baci\BW111_03.jpg","Baci\BW111_04.jpg"
BW111-PNK-QUEEN,"Deep-V Flower Lace Dress - Pink Queen Size",Dress,BW111,37,product,"Baci\BW111_03.jpg","Baci\BW111_04.jpg"
BW117-BLK/PNK-M,"French cut heart mesh bikini - Black/Pink Medium",Bikini,BW117,2,product,"Baci\BW117_01.jpg","Baci\BW117_02.jpg"
BW120-BLK/PNK-QUEEN,"Ruffle Mesh Nightie - Black/Pink Queen Size",Dress,BW120,99,product,"Baci\BW120_03.jpg","Baci\BW120_04.jpg"
BW120-BLK/PNK-DIVA,"Ruffle Mesh Nightie - Black/Pink Diva Size",Dress,BW120,6,product,"Baci\BW120_03.jpg","Baci\BW120_04.jpg"
BW149-PURP/PNK-DS,"Mesh Boyshorts with Lace Trim / Purple/Pink / Diva Size",Boyshort,BW149,80,product,"Baci\BW149_03.jpg",
BW149-PURP/PNK-M,"Mesh Boyshorts with Lace Trim / Purple/Pink / Medium",Boyshort,BW149,0,product,"Baci\BW149_01.jpg",
BW149-PURP/PNK-QS,"Mesh Boyshorts with Lace Trim / Purple/Pink / Queen Size",Boyshort,BW149,78,product,"Baci\BW149_03.jpg",
BW149-PURP/PNK-S,"Mesh Boyshorts with Lace Trim / Purple/Pink / Small",Boyshort,BW149,8,product,"Baci\BW149_01.jpg",
BW153-PNK-DS,"Lace Boyshort / Pink / Diva Size",Boyshort,BW153,32,product,"Baci\BW153_03.jpg",
BW153-PNK-QS,"Lace Boyshort / Pink / Queen Size",Boyshort,BW153,38,product,"Baci\BW153_03.jpg",
BW156-LTPNK-S,"Lace Boyshort - LightPink Small",Boyshort,BW156,40,product,"Baci\BW156_01.jpg","Baci\BW156_02.jpg"
BW157-PNK/BLK-L,"Lace G-string / Pink/Black / Large",G-String,BW157,40,product,"Baci\BW157_01.jpg",
BW157-PNK/BLK-M,"Lace G-string / Pink/Black / Medium",G-String,BW157,14,product,"Baci\BW157_01.jpg",
BW157-PNK/BLK-S,"Lace G-string / Pink/Black / Small",G-String,BW157,26,product,"Baci\BW157_01.jpg",
BW159-PNK-DS,"Low Rise Lace Booty Shorts / Pink / Diva Size",Boyshort,BW159,68,product,"Baci\BW159_03.jpg",
BW159-PNK-QS,"Low Rise Lace Booty Shorts / Pink / Queen Size",Boyshort,BW159,9,product,"Baci\BW159_03.jpg",
BW170-BLK-QS,"Longsleeve flower lace bodystocking Black / Queen",Bodystocking,BW170,2,product,"Baci\BW170_03.jpg","Baci\BW170_04.jpg"
BW180-BLK-DS,"Lace teddy / Black / Diva Size",Teddy,BW180,35,product,"Baci\BW180_03.jpg",
BW180-BLK-QS,"Lace Teddy / Black / Queen Size",Teddy,BW180,24,product,"Baci\BW180_03.jpg",
BW201-RED-L,"French cut heart mesh bikini / Red / Large",Bikini,BW201,136,product,"Baci\BW201_01.jpg",
BW201-RED-M,"French cut heart mesh bikini / Red / Medium",Bikini,BW201,115,product,"Baci\BW201_01.jpg",
BW201-RED-S,"French cut heart mesh bikini / Red / Small",Bikini,BW201,40,product,"Baci\BW201_01.jpg",
BW202-RED/BLK-DS,"Microfiber Boyshorts with Lace Trim / Red/Black / Diva Size",Boyshort,BW202,87,product,"Baci\BW202_03.jpg",
BW202-RED/BLK-QS,"Microfiber Boyshorts with Lace Trim / Red/Black / Queen Size",Boyshort,BW202,86,product,"Baci\BW202_03.jpg",
BW204-RED-DS,"Mesh chemise with bows / Red / Diva Size",Chemise,BW204,37,product,"Baci\BW204_03.jpg",
BW204-RED-QS,"Mesh chemise with bows / Red / Queen Size",Chemise,BW204,50,product,"Baci\BW204_03.jpg",
BW210,,Boyshort,BW210,0,product,"Baci\BW210_01.jpg",
BW225-BLK-QS,"Classic Bodysuit Black / Queen Size",Bodystocking,BW225,11,product,"Baci\BW225_003_01.jpg","Baci\BW225_003_02.jpg","Baci\BW225_03.jpg","Baci\BW225_04.jpg"
BW231,,Babydoll,BW231,0,product,"Baci\BW231_01.jpg","Baci\BW231_02.jpg","Baci\BW231_03.jpg","Baci\BW231_04.jpg"
BW250-RED-L,"Lace And Mesh Thong / Red / Large",Thong,BW250,2,product,"Baci\BW250_01.jpg",
BW250-RED-S,"Lace And Mesh Thong / Red / Small",Thong,BW250,1,product,"Baci\BW250_01.jpg",
BW254-PURP-DS,"Lace Boyshorts / Purple / Diva Size",Boyshorts,BW254,48,product,"Baci\BW254_03.jpg",
BW254-PURP-L,"Lace Boyshorts / Purple / Large",Boyshorts,BW254,7,product,"Baci\BW254_01.jpg",
BW254-PURP-M,"Lace Boyshorts / Purple / Medium",Boyshorts,BW254,40,product,"Baci\BW254_01.jpg",
BW254-PURP-QS,"Lace Boyshorts / Purple / Queen Size",Boyshorts,BW254,12,product,"Baci\BW254_03.jpg",
BW256-PUR-M,"French cut heart mesh bikini - Purple Medium",Bikini,BW256,22,product,"Baci\BW256_01.jpg","Baci\BW256_02.jpg"
BW256-PUR-L,"French cut heart mesh bikini - Purple Large",Bikini,BW256,20,product,"Baci\BW256_01.jpg","Baci\BW256_02.jpg"
BW257-BLK/PNK-DS,"Ruffle mesh nightie / Black/Pink / Diva Size",Nightie,BW257,54,product,"Baci\BW257_03.jpg",
BW257-BLK/PNK-QS,"Ruffle mesh nightie / Black/Pink / Queen Size",Nightie,BW257,40,product,"Baci\BW257_03.jpg",
BW258-BLK/PURP-DS,"Mesh Boyshorts With Lace Trim / Black/Purple / Diva Size",Boyshorts,BW258,69,product,"Baci\BW258_03.jpg",
BW258-BLK/PURP-L,"Mesh Boyshorts With Lace Trim / Black/Purple / Large",Boyshorts,BW258,22,product,"Baci\BW258_01.jpg",
BW258-BLK/PURP-QS,"Mesh Boyshorts With Lace Trim / Black/Purple / Queen Size",Boyshorts,BW258,69,product,"Baci\BW258_03.jpg",
BW260-PUR/BLK-DIVA,"Ruffle Mesh Nightie - Purple/Black Diva Size",Dress,BW260,57,product,"Baci\BW260_03.jpg","Baci\BW260_04.jpg"
BW260-PUR/BLK-QUEEN,"Ruffle Mesh Nightie - Purple/Black Queen Size",Dress,BW260,67,product,"Baci\BW260_03.jpg","Baci\BW260_04.jpg"
BW276-RED-DIVA,"Crotchless Lace Thong - Red Diva Size",Thong,BW276,15,product,"Baci\BW276_03.jpg","Baci\BW276_04.jpg"
BW277-BLK-QUEEN,"Industrial Net Garter & Thigh High - Black Queen Size","Thigh High",BW277,11,product,"Baci\BW277_03.jpg","Baci\BW277_04.jpg"
BW279-RED-S,"Lace G-string - Red Small",G-String,BW279,3,product,"Baci\BW279_01.jpg","Baci\BW279_02.jpg"
BW279-RED-L,"Lace G-string - Red Large",G-String,BW279,42,product,"Baci\BW279_01.jpg","Baci\BW279_02.jpg"
BW291-BLU/BLK-DS,"Dot lace and mesh dress / Blue/Black / Diva Size",Dress,BW291,46,product,"Baci\BW291_03.jpg",
BW291-BLU/BLK-QS,"Dot lace and mesh dress / Blue/Black / Queen Size",Dress,BW291,88,product,"Baci\BW291_03.jpg",
BW3001-BLK-L,"Black/Pink Mesh Thong w/Bow - Black Large",Thong,BW3001,75,product,"Baci\BW3001_01","Baci\BW3001_02.jpg"
BW3001-BLK-M,"Black/Pink Mesh Thong w/Bow - Black Medium",Thong,BW3001,77,product,"Baci\BW3001_01","Baci\BW3001_02.jpg"
BW3001-BLK-S,"Black/Pink Mesh Thong w/Bow - Black Small",Thong,BW3001,74,product,"Baci\BW3001_01","Baci\BW3001_02.jpg"
BW3001-BLK-XL,"Black/Pink Mesh Thong w/Bow - Black X-Large",Thong,BW3001,83,product,"Baci\BW3001_01","Baci\BW3001_02.jpg"
BW3002-PNK-L,"Raspberry Pink Mesh/Lace Thong w/Bow - Pink Large",Thong,BW3002,24,product,"Baci\BW3002_01","Baci\BW3002_02.jpg"
BW3002-PNK-M,"Raspberry Pink Mesh/Lace Thong w/Bow - Pink Medium",Thong,BW3002,14,product,"Baci\BW3002_01","Baci\BW3002_02.jpg"
BW3002-PNK-S,"Raspberry Pink Mesh/Lace Thong w/Bow - Pink Small",Thong,BW3002,14,product,"Baci\BW3002_01","Baci\BW3002_02.jpg"
BW3002-PNK-XL,"Raspberry Pink Mesh/Lace Thong w/Bow - Pink X-Large",Thong,BW3002,28,product,"Baci\BW3002_01","Baci\BW3002_02.jpg"
BW3003-PNK/BLK-L,"Black/Pink Satin/Lace Thong w/Bow - Pink/Black Large",Thong,BW3003,11,product,"Baci\BW3003_01","Baci\BW3003_02.jpg"
BW3003-PNK/BLK-M,"Black/Pink Satin/Lace Thong w/Bow - Pink/Black Medium",Thong,BW3003,20,product,"Baci\BW3003_01","Baci\BW3003_02.jpg"
BW3003-PNK/BLK-XL,"Black/Pink Satin/Lace Thong w/Bow - Pink/Black X-Large",Thong,BW3003,29,product,"Baci\BW3003_01","Baci\BW3003_02.jpg"
BW3003-PNK/BLK-S,"Black/Pink Satin/Lace Thong w/Bow - Pink/Black Small",Thong,BW3003,21,product,"Baci\BW3003_01","Baci\BW3003_02.jpg"
BW3004-RED-L,"Red Flower Lace Boyshort - Red Large",Boyshort,BW3004,51,product,"Baci\BW3004_01","Baci\BW3004_02.jpg"
BW3004-RED-M,"Red Flower Lace Boyshort - Red Medium",Boyshort,BW3004,39,product,"Baci\BW3004_01","Baci\BW3004_02.jpg"
BW3004-RED-S,"Red Flower Lace Boyshort - Red Small",Boyshort,BW3004,53,product,"Baci\BW3004_01","Baci\BW3004_02.jpg"
BW3004-RED-XL,"Red Flower Lace Boyshort - Red X-Large",Boyshort,BW3004,71,product,"Baci\BW3004_01","Baci\BW3004_02.jpg"
BW3005-GRY-L,"Light Grey Flower Lace Boyshort - Grey Large",Boyshort,BW3005,29,product,"Baci\BW3005_01","Baci\BW3005_02.jpg"
BW3005-GRY-M,"Light Grey Flower Lace Boyshort - Grey Medium",Boyshort,BW3005,32,product,"Baci\BW3005_01","Baci\BW3005_02.jpg"
BW3005-GRY-S,"Light Grey Flower Lace Boyshort - Grey Small",Boyshort,BW3005,34,product,"Baci\BW3005_01","Baci\BW3005_02.jpg"
BW3005-GRY-XL,"Light Grey Flower Lace Boyshort - Grey X-Large",Boyshort,BW3005,32,product,"Baci\BW3005_01","Baci\BW3005_02.jpg"
BW3006-LPNK-L,"Mid Pink Flower Lace Boyshort - LightPink Large",Boyshort,BW3006,27,product,"Baci\BW3006_01","Baci\BW3006_02.jpg"
BW3006-LPNK-M,"Mid Pink Flower Lace Boyshort - LightPink Medium",Boyshort,BW3006,24,product,"Baci\BW3006_01","Baci\BW3006_02.jpg"
BW3006-LPNK-S,"Mid Pink Flower Lace Boyshort - LightPink Small",Boyshort,BW3006,32,product,"Baci\BW3006_01","Baci\BW3006_02.jpg"
BW3006-LPNK-XL,"Mid Pink Flower Lace Boyshort - LightPink X-Large",Boyshort,BW3006,38,product,"Baci\BW3006_01","Baci\BW3006_02.jpg"
BW3007-BLK-L,"Black/Silver Glitter Lace Thong - Black Large",Thong,BW3007,41,product,"Baci\BW3007_01","Baci\BW3007_02.jpg"
BW3007-BLK-S,"Black/Silver Glitter Lace Thong - Black Small",Thong,BW3007,10,product,"Baci\BW3007_01","Baci\BW3007_02.jpg"
BW3007-BLK-XL,"Black/Silver Glitter Lace Thong - Black X-Large",Thong,BW3007,60,product,"Baci\BW3007_01","Baci\BW3007_02.jpg"
BW3008-BLK-L,"Black Flower Lace Boyshort - Black Large",Boyshort,BW3008,17,product,"Baci\BW3008_01","Baci\BW3008_02.jpg"
BW3008-BLK-M,"Black Flower Lace Boyshort - Black Medium",Boyshort,BW3008,16,product,"Baci\BW3008_01","Baci\BW3008_02.jpg"
BW3008-BLK-S,"Black Flower Lace Boyshort - Black Small",Boyshort,BW3008,25,product,"Baci\BW3008_01","Baci\BW3008_02.jpg"
BW3008-BLK-XL,"Black Flower Lace Boyshort - Black X-Large",Boyshort,BW3008,16,product,"Baci\BW3008_01","Baci\BW3008_02.jpg"
BW3009-BLK-L,"Black Flower Lace Boyshort - Black Large",Boyshort,BW3009,42,product,"Baci\BW3009_01","Baci\BW3009_02.jpg"
BW3009-BLK-S,"Black Flower Lace Boyshort - Black Small",Boyshort,BW3009,44,product,"Baci\BW3009_01","Baci\BW3009_02.jpg"
BW3009-BLK-M,"Black Flower Lace Boyshort - Black Medium",Boyshort,BW3009,44,product,"Baci\BW3009_01","Baci\BW3009_02.jpg"
BW3009-BLK-XL,"Black Flower Lace Boyshort - Black X-Large",Boyshort,BW3009,44,product,"Baci\BW3009_01","Baci\BW3009_02.jpg"
BW3010-WHT-S,"White Mesh/Lace Thong w/Bow - White Small",Thong,BW3010,43,product,"Baci\BW3010_01","Baci\BW3010_02.jpg"
BW3010-WHT-XL,"White Mesh/Lace Thong w/Bow - White X-Large",Thong,BW3010,30,product,"Baci\BW3010_01","Baci\BW3010_02.jpg"
BW3011-WHT-L,"White Lace/Mesh Thong - White Large",Thong,BW3011,12,product,"Baci\BW3011_01","Baci\BW3011_02.jpg"
BW3011-WHT-M,"White Lace/Mesh Thong - White Medium",Thong,BW3011,5,product,"Baci\BW3011_01","Baci\BW3011_02.jpg"
BW3011-WHT-S,"White Lace/Mesh Thong - White Small",Thong,BW3011,18,product,"Baci\BW3011_01","Baci\BW3011_02.jpg"
BW3011-WHT-XL,"White Lace/Mesh Thong - White X-Large",Thong,BW3011,25,product,"Baci\BW3011_01","Baci\BW3011_02.jpg"
BW3012-LPNK-L,"Light Pink Flower Lace Thong - LightPink Large",Thong,BW3012,29,product,"Baci\BW3012_01","Baci\BW3012_02.jpg"
BW3012-LPNK-M,"Light Pink Flower Lace Thong - LightPink Medium",Thong,BW3012,12,product,"Baci\BW3012_01","Baci\BW3012_02.jpg"
BW3012-LPNK-S,"Light Pink Flower Lace Thong - LightPink Small",Thong,BW3012,30,product,"Baci\BW3012_01","Baci\BW3012_02.jpg"
BW3012-LPNK-XL,"Light Pink Flower Lace Thong - LightPink X-Large",Thong,BW3012,81,product,"Baci\BW3012_01","Baci\BW3012_02.jpg"
BW3013-WHT-L,"White Flower Lace Thong - White Large",Thong,BW3013,67,product,"Baci\BW3013_01","Baci\BW3013_02.jpg"
BW3013-WHT-M,"White Flower Lace Thong - White Medium",Thong,BW3013,39,product,"Baci\BW3013_01","Baci\BW3013_02.jpg"
BW3013-WHT-S,"White Flower Lace Thong - White Small",Thong,BW3013,62,product,"Baci\BW3013_01","Baci\BW3013_02.jpg"
BW3013-WHT-XL,"White Flower Lace Thong - White X-Large",Thong,BW3013,77,product,"Baci\BW3013_01","Baci\BW3013_02.jpg"
BW3014-IVRY-L,"Ivory Flower Lace Thong - Ivory Large",Thong,BW3014,31,product,"Baci\BW3014_01","Baci\BW3014_02.jpg"
BW3014-IVRY-M,"Ivory Flower Lace Thong - Ivory Medium",Thong,BW3014,25,product,"Baci\BW3014_01","Baci\BW3014_02.jpg"
BW3014-IVRY-S,"Ivory Flower Lace Thong - Ivory Small",Thong,BW3014,34,product,"Baci\BW3014_01","Baci\BW3014_02.jpg"
BW3014-IVRY-XL,"Ivory Flower Lace Thong - Ivory X-Large",Thong,BW3014,35,product,"Baci\BW3014_01","Baci\BW3014_02.jpg"
BW3015-BLK-L,"Black Microfiber Ruffle Back Bikini - Black Large",Bikini,BW3015,29,product,"Baci\BW3015_01","Baci\BW3015_02.jpg"
BW3015-BLK-M,"Black Microfiber Ruffle Back Bikini - Black Medium",Bikini,BW3015,25,product,"Baci\BW3015_01","Baci\BW3015_02.jpg"
BW3015-BLK-S,"Black Microfiber Ruffle Back Bikini - Black Small",Bikini,BW3015,25,product,"Baci\BW3015_01","Baci\BW3015_02.jpg"
BW3015-BLK-XL,"Black Microfiber Ruffle Back Bikini - Black X-Large",Bikini,BW3015,41,product,"Baci\BW3015_01","Baci\BW3015_02.jpg"
BW3016-BLK-L,"Black/Red Lace Thong w/Bow - Black Large",Thong,BW3016,53,product,"Baci\BW3016_01","Baci\BW3016_02.jpg"
BW3016-BLK-M,"Black/Red Lace Thong w/Bow - Black Medium",Thong,BW3016,20,product,"Baci\BW3016_01","Baci\BW3016_02.jpg"
BW3016-BLK-S,"Black/Red Lace Thong w/Bow - Black Small",Thong,BW3016,38,product,"Baci\BW3016_01","Baci\BW3016_02.jpg"
BW3016-BLK-XL,"Black/Red Lace Thong w/Bow - Black X-Large",Thong,BW3016,74,product,"Baci\BW3016_01","Baci\BW3016_02.jpg"
BW3017-BLK-XL,"Black Mesh G-String - Black X-Large",G-String,BW3017,25,product,"Baci\BW3017_01",
BW3018-LPNK-L,"Light Pink Lace Thong w/Bow - LightPink Large",Thong,BW3018,27,product,"Baci\BW3018_01","Baci\BW3018_02.jpg"
BW3018-LPNK-M,"Light Pink Lace Thong w/Bow - LightPink Medium",Thong,BW3018,18,product,"Baci\BW3018_01","Baci\BW3018_02.jpg"
BW3018-LPNK-S,"Light Pink Lace Thong w/Bow - LightPink Small",Thong,BW3018,36,product,"Baci\BW3018_01","Baci\BW3018_02.jpg"
BW3018-LPNK-XL,"Light Pink Lace Thong w/Bow - LightPink X-Large",Thong,BW3018,32,product,"Baci\BW3018_01","Baci\BW3018_02.jpg"
BW3019-BLK-L,"Black/Baby Pink Mesh Crotchless Panty - Black Large",Knicker,BW3019,57,product,"Baci\BW3019_01","Baci\BW3019_02.jpg"
BW3019-BLK-M,"Black/Baby Pink Mesh Crotchless Panty - Black Medium",Knicker,BW3019,59,product,"Baci\BW3019_01","Baci\BW3019_02.jpg"
BW3019-BLK-S,"Black/Baby Pink Mesh Crotchless Panty - Black Small",Knicker,BW3019,69,product,"Baci\BW3019_01","Baci\BW3019_02.jpg"
BW3019-BLK-XL,"Black/Baby Pink Mesh Crotchless Panty - Black X-Large",Knicker,BW3019,73,product,"Baci\BW3019_01","Baci\BW3019_02.jpg"
BW3020-PNK-L,"Raspberry Pink Mesh Crotchless Panty - Pink Large",Knicker,BW3020,21,product,"Baci\BW3020_01","Baci\BW3020_02.jpg"
BW3020-PNK-M,"Raspberry Pink Mesh Crotchless Panty - Pink Medium",Knicker,BW3020,0,product,"Baci\BW3020_01","Baci\BW3020_02.jpg"
BW3020-PNK-S,"Raspberry Pink Mesh Crotchless Panty - Pink Small",Knicker,BW3020,24,product,"Baci\BW3020_01","Baci\BW3020_02.jpg"
BW3020-PNK-XL,"Raspberry Pink Mesh Crotchless Panty - Pink X-Large",Knicker,BW3020,28,product,"Baci\BW3020_01","Baci\BW3020_02.jpg"
BW3021-BLK-L,"Black Crotchless Lace Panty - Black Large",Knicker,BW3021,123,product,"Baci\BW3021_01","Baci\BW3021_02.jpg"
BW3021-BLK-M,"Black Crotchless Lace Panty - Black Medium",Knicker,BW3021,148,product,"Baci\BW3021_01","Baci\BW3021_02.jpg"
BW3021-BLK-S,"Black Crotchless Lace Panty - Black Small",Knicker,BW3021,94,product,"Baci\BW3021_01","Baci\BW3021_02.jpg"
BW3021-BLK-XL,"Black Crotchless Lace Panty - Black X-Large",Knicker,BW3021,190,product,"Baci\BW3021_01","Baci\BW3021_02.jpg"
BW3022-BLK-L,"Black Mesh Crotchless Panty - Black Large",Knicker,BW3022,8,product,"Baci\BW3022_01","Baci\BW3022_02.jpg"
BW3022-BLK-S,"Black Mesh Crotchless Panty - Black Small",Knicker,BW3022,1,product,"Baci\BW3022_01","Baci\BW3022_02.jpg"
BW3022-BLK-XL,"Black Mesh Crotchless Panty - Black X-Large",Knicker,BW3022,9,product,"Baci\BW3022_01","Baci\BW3022_02.jpg"
BW3023-WHT-L,"Wht/Baby Pink Dot Mesh Crotchless Panty - White Large",Panty,BW3023,67,product,"Baci\BW3023_01","Baci\BW3023_02.jpg"
BW3023-WHT-M,"Wht/Baby Pink Dot Mesh Crotchless Panty - White Medium",Panty,BW3023,53,product,"Baci\BW3023_01","Baci\BW3023_02.jpg"
BW3023-WHT-S,"Wht/Baby Pink Dot Mesh Crotchless Panty - White Small",Panty,BW3023,61,product,"Baci\BW3023_01","Baci\BW3023_02.jpg"
BW3023-WHT-XL,"Wht/Baby Pink Dot Mesh Crotchless Panty - White X-Large",Panty,BW3023,57,product,"Baci\BW3023_01","Baci\BW3023_02.jpg"
BW3024-WHT-M,"White Lace/Mesh Crotchless Panty - White Medium",Knicker,BW3024,15,product,"Baci\BW3024_01","Baci\BW3024_02.jpg"
BW3024-WHT-S,"White Lace/Mesh Crotchless Panty - White Small",Knicker,BW3024,20,product,"Baci\BW3024_01","Baci\BW3024_02.jpg"
BW3031-WHT-S/M,"White Lace/Mesh Chemise w/Wire w Thong - White Small/Medium",Chemise,BW3031,2,product,"Baci\BW3031_01","Baci\BW3031_02.jpg"
BW3032-BLK/LEO-M/L,"Blk/Leopard Cheetah Mesh Chemise w/Wire - Black/Leopard Medium/Large",Chemise,BW3032,53,product,"Baci\BW3032_01","Baci\BW3032_02.jpg"
BW3032-BLK/LEO-S/M,"Blk/Leopard Cheetah Mesh Chemise w/Wire - Black/Leopard Small/Medium",Chemise,BW3032,70,product,"Baci\BW3032_01","Baci\BW3032_02.jpg"
BW3035-LPNK-M/L,"Light Pink Satin Camisole/Shorts Set - LightPink Medium/Large","Cami Set",BW3035,72,product,"Baci\BW3035_01","Baci\BW3035_02.jpg"
BW3035-LPNK-S/M,"Light Pink Satin Camisole/Shorts Set - LightPink Small/Medium","Cami Set",BW3035,20,product,"Baci\BW3035_01","Baci\BW3035_02.jpg"
BW3036-LEO-M/L,"Leopard Satin Camisole/Shorts Set - Leopard Medium/Large","Cami Set",BW3036,27,product,"Baci\BW3036_01","Baci\BW3036_02.jpg"
BW3036-LEO-S/M,"Leopard Satin Camisole/Shorts Set - Leopard Small/Medium","Cami Set",BW3036,23,product,"Baci\BW3036_01","Baci\BW3036_02.jpg"
BW3041-BLK-M/L,"Blk/Rasp Flocked Mesh Babydoll Wire G-St - Black Medium/Large",Babydoll,BW3041,22,product,"Baci\BW3041_01","Baci\BW3041_02.jpg"
BW3041-BLK-S/M,"Blk/Rasp Flocked Mesh Babydoll Wire G-St - Black Small/Medium",Babydoll,BW3041,21,product,"Baci\BW3041_01","Baci\BW3041_02.jpg"
BW3043-WHT-M/L,"Wht/Baby Pnk Softcup Mesh Bra/Garterbelt - White Medium/Large","Bra Set",BW3043,52,product,"Baci\BW3043_01","Baci\BW3043_02.jpg"
BW3043-WHT-S/M,"Wht/Baby Pnk Softcup Mesh Bra/Garterbelt - White Small/Medium","Bra Set",BW3043,36,product,"Baci\BW3043_01","Baci\BW3043_02.jpg"
BW3059-BLK-M/L,"Black Lace/Mesh Chemise w/Wire and Thong - Black Medium/Large",Chemise,BW3059,32,product,"Baci\BW3059_01","Baci\BW3059_02.jpg"
BW3059-BLK-S/M,"Black Lace/Mesh Chemise w/Wire w Thong - Black Small/Medium",Chemise,BW3059,31,product,"Baci\BW3059_01","Baci\BW3059_02.jpg"
BW3061-LPNK-M/L,"Mid Pink Microfiber/Lace Chemi Wire G-St - LightPink Medium/Large",Chemise,BW3061,59,product,"Baci\BW3061_01","Baci\BW3061_02.jpg"
BW3061-LPNK-S/M,"Mid Pink Microfiber/Lace Chemi Wire G-St - LightPink Small/Medium",Chemise,BW3061,38,product,"Baci\BW3061_01","Baci\BW3061_02.jpg"
BW3064-GRY-M/L,"Black/Silver Satin Camisole/Shorts Set - Grey Medium/Large","Cami Set",BW3064,6,product,"Baci\BW3064_01","Baci\BW3064_02.jpg"
BW3064-GRY-S/M,"Black/Silver Satin Camisole/Shorts Set - Grey Small/Medium","Cami Set",BW3064,2,product,"Baci\BW3064_01","Baci\BW3064_02.jpg"
BW3073-BLK-M/L,"Blk/Champ 3pc Peekabo Bra Garterbel G-St - Black Medium/Large","Bra Set",BW3073,233,product,"Baci\BW3073_01","Baci\BW3073_02.jpg"
BW3073-BLK-S/M,"Blk/Champ 3pc Peekabo Bra Garterbel G-St - Black Small/Medium","Bra Set",BW3073,235,product,"Baci\BW3073_01","Baci\BW3073_02.jpg"
BW3074-RED-M/L,"Red Dot Mesh Wire Bra/Skirt Set - Red Medium/Large","Bra Set",BW3074,83,product,"Baci\BW3074_01","Baci\BW3074_02.jpg"
BW3074-RED-S/M,"Red Dot Mesh Wire Bra/Skirt Set - Red Small/Medium","Bra Set",BW3074,68,product,"Baci\BW3074_01","Baci\BW3074_02.jpg"
BW3075-CHMPN/BLK-M/L,"Blk/Champ Softcup Mesh Wire Bra/Skirt - Champagne/Black Medium/Large","Bra Set",BW3075,32,product,"Baci\BW3075_01","Baci\BW3075_04.jpg"
BW3075-CHMPN/BLK-S/M,"Blk/Champ Softcup Mesh Wire Bra/Skirt - Champagne/Black Small/Medium","Bra Set",BW3075,13,product,"Baci\BW3075_01","Baci\BW3075_04.jpg"
BW3100X,,"Bra Set",BW3100X,0,product,"Baci\3100-BLK-Q_front.jpg","Baci\3100-BLK-Q_back.jpg"
BW3103X,,Babydoll,BW3103X,0,product,"Baci\3103-BLK-Q_front.jpg","Baci\3103-BLK-Q_back.jpg"
BW3109-LEO-OS,"Leopard Basque w/Garter Stays no Panty - Leopard One Size","Bustiers & Corsets",BW3109,292,product,"Baci\3109-LEO_front","Baci\3109-LEO_back.jpg"
BW3109-RED-QS,"Leopard Basque w/Garter Stays no Panty Red / Queen Size","Bustiers & Corsets",BW3109,99,product,"Baci\3109-RED-Q_front","Baci\3109-RED-Q_back.jpg"
BW3112X,,Bodysuit,BW3112X,0,product,"Baci\3112-BLK-Q_front.jpg","Baci\3112-BLK-Q_back.jpg"
BW3122-BLK-S,"Rose Open Crotch Boyshort Panty - Black Small",Boyshort,BW3122,93,product,"Baci\3122-BLK_front","Baci\3122-BLK_back.jpg"
BW3122-BLK-M,"Rose Open Crotch Boyshort Panty - Black Medium",Boyshort,BW3122,148,product,"Baci\3122-BLK_front","Baci\3122-BLK_back.jpg"
BW3122-BLK-L,"Rose Open Crotch Boyshort Panty - Black Large",Boyshort,BW3122,106,product,"Baci\3122-BLK_front","Baci\3122-BLK_back.jpg"
BW3122-BLK-XL,"Rose Open Crotch Boyshort Panty - Black X-Large",Boyshort,BW3122,132,product,"Baci\3122-BLK_front","Baci\3122-BLK_back.jpg"
BW3122-BLK-QUEEN,"Rose Open Crotch Boyshort Panty - Black Queen Size",Boyshort,BW3122,62,product,"Baci\3122-BLK-Q_front","Baci\3122-BLK-Q_back.jpg"
BW3122-RED-S,"Rose Open Crotch Boyshort Panty - Red Small",Boyshort,BW3122,111,product,"Baci\3122-RED_front","Baci\3122-RED_back.jpg"
BW3122-RED-M,"Rose Open Crotch Boyshort Panty - Red Medium",Boyshort,BW3122,179,product,"Baci\3122-RED_front","Baci\3122-RED_back.jpg"
BW3122-RED-L,"Rose Open Crotch Boyshort Panty - Red Large",Boyshort,BW3122,138,product,"Baci\3122-RED_front","Baci\3122-RED_back.jpg"
BW3122-RED-XL,"Rose Open Crotch Boyshort Panty - Red X-Large",Boyshort,BW3122,133,product,"Baci\3122-RED_front","Baci\3122-RED_back.jpg"
BW3122-RED-QUEEN,"Rose Open Crotch Boyshort Panty - Red Queen Size",Boyshort,BW3122,61,product,"Baci\3122-RED-Q_front","Baci\3122-RED-Q_back.jpg"
BW3122-WHT-S,"Rose Open Crotch Boyshort Panty - White Small",Boyshort,BW3122,22,product,"Baci\3122-WHT_front","Baci\3122-WHT_back.jpg"
BW3122-WHT-M,"Rose Open Crotch Boyshort Panty - White Medium",Boyshort,BW3122,14,product,"Baci\3122-WHT_front","Baci\3122-WHT_back.jpg"
BW3122-WHT-L,"Rose Open Crotch Boyshort Panty - White Large",Boyshort,BW3122,15,product,"Baci\3122-WHT_front","Baci\3122-WHT_back.jpg"
BW3122-WHT-XL,"Rose Open Crotch Boyshort Panty - White X-Large",Boyshort,BW3122,21,product,"Baci\3122-WHT_front","Baci\3122-WHT_back.jpg"
BW3122-WHT-QUEEN,"Rose Open Crotch Boyshort Panty - White Queen Size",Boyshort,BW3122,0,product,"Baci\3122-WHT-Q_front","Baci\3122-WHT-Q_back.jpg"
BW399-BLU-S,"Low-rise lace booty short - Blue Small",Boyshort,BW399,33,product,"Baci\BW399_01.jpg","Baci\BW399_02.jpg"
BW399-BLU-L,"Low-rise lace booty short - Blue Large",Boyshort,BW399,102,product,"Baci\BW399_01.jpg","Baci\BW399_02.jpg"
BW419,,Babydoll,BW419,0,product,"Baci\BW419_03.jpg","Baci\BW419_04.jpg"
BW420-BLK-QUEEN,"Lace Mesh Tube Dress - Black Queen Size",Dress,BW420,9,product,"Baci\BW420_03.jpg","Baci\BW420_04.jpg"
BW420-BLK-DIVA,"Lace Mesh Tube Dress - Black Diva Size",Dress,BW420,3,product,"Baci\BW420_03.jpg","Baci\BW420_04.jpg"
BW427,,Bodystocking,BW427,0,product,"Baci\BW427_03.jpg","Baci\BW427_04.jpg"
BW441-RED-DS,"Low Rise Lace Booty Shorts / Red / Diva Size",Boyshorts,BW441,60,product,"Baci\BW441_03.jpg",
BW441-RED-L,"Low Rise Lace Booty Shorts / Red / Large",Boyshorts,BW441,5,product,"Baci\BW441_01.jpg",
BW441-RED-QS,"Low Rise Lace Booty Shorts / Red / Queen Size",Boyshorts,BW441,1,product,"Baci\BW441_03.jpg",
BW441-RED-S,"Low Rise Lace Booty Shorts / Red / Small",Boyshorts,BW441,7,product,"Baci\BW441_01.jpg",
BW449-BLK-S,"Lace Boyshort - Black Small",Boyshort,BW449,30,product,"Baci\BW449_01.jpg","Baci\BW449_02.jpg"
BW449-BLK-L,"Lace Boyshort - Black Large",Boyshort,BW449,121,product,"Baci\BW449_01.jpg","Baci\BW449_02.jpg"
BW466-BLK-DS,"Low Rise Lace Booty Shorts / Black / Diva Size",Boyshorts,BW466,51,product,"Baci\BW466_03.jpg",
BW466-BLK-QS,"Low Rise Lace Booty Shorts / Black / Queen Size",Boyshorts,BW466,1,product,"Baci\BW466_03.jpg",
AD2005,,Pantyhose,AD2005,98,product,"Baci\AD2005_01.jpg","Baci\AD2005_02.jpg"
AD2006,,"Thigh High",AD2006,53,product,"Baci\AD2006_01.jpg","Baci\AD2006_02.jpg"
AD2009,,"Thigh High",AD2009,79,product,"Baci\AD2009_01.jpg","Baci\AD2009_02.jpg"
AD2013,,"Thigh High",AD2013,127,product,"Baci\AD2013_01.jpg","Baci\AD2013_02.jpg"
AD2014,,"Thigh High",AD2014,63,product,"Baci\AD2014_01.jpg","Baci\AD2014_02.jpg"
AD2015,,Pantyhose,AD2015,99,product,"Baci\AD2015_01.jpg","Baci\AD2015_02.jpg"
AD2018,,Pantyhose,AD2018,350,product,"Baci\AD2018_01.jpg","Baci\AD2018_02.jpg"
MASQ10,,Masks,MASQ10,42,product,"Baci\MASQ-10_01",
MASQ11,,Masks,MASQ11,28,product,"Baci\MASQ-11_01",
MASQ12,,Masks,MASQ12,23,product,"Baci\MASQ-12_01",
MASQ14,,Pastee,MASQ14,31,product,"Baci\MASQ-14_01",
MASQ15,,Pastee,MASQ15,39,product,"Baci\MASQ-15_01",
MASQ16,,Pastee,MASQ16,36,product,"Baci\MASQ-16_01",
MASQ17,,Pastee,MASQ17,42,product,"Baci\MASQ-17_01",
MASQ18,,Pastee,MASQ18,8,product,"Baci\MASQ-18_01",
MASQ2,,Masks,MASQ2,19,product,"Baci\MASQ-2_01",
MASQ4,,Masks,MASQ4,38,product,"Baci\MASQ-4_01",
MASQ5,,Masks,MASQ5,43,product,"Baci\MASQ-5_01",
MASQ6,,Masks,MASQ6,37,product,"Baci\MASQ-6_01",
MASQ7,,Masks,MASQ7,61,product,"Baci\MASQ-7_01",
MASQ8,,Masks,MASQ8,67,product,"Baci\MASQ-8_01",
MASQ9,,Masks,MASQ9,31,product,"Baci\MASQ-9_01",
BW3133,,Bodystocking,BW3133,69,product,"Baci\3133-BLK_front.jpg","Baci\3133-BLK_back.jpg"
BW3127-Q,,Bodystocking,BW3127-Q,16,product,"Baci\3127-BLK-Q_front.jpg","Baci\3127-BLK-Q_back.jpg"
BW3132,,Bodystocking,BW3132,10,product,"Baci\3132-BLK_front","Baci\3132-BLK_back.jpg"
BD1303-BLK-M/L,,"Bedroom Costume",BD1303-BLK-M/L,3,product,"Baci\BD1303_01",
BD1309-GRN-M/L,,"Bedroom Costume",BD1309-GRN-M/L,23,product,"Baci\BD1309_01",
BW418-BLK-QS,"Sheer Pantyhose / Black / Queen Size",Pantyhose,BW418,6,product,"Baci\BW418_01.jpg",
BW416-BLK-QS,"Fish Net Pantyhose / Black / Queen Size",Pantyhose,BW416,4,product,"Baci\BW416_01.jpg",
BW167-BLK-M,"Lace G-string w/bow - Black Medium",G-String,BW167,0,product,"Baci\BW167_01.jpg","Baci\BW167_02.jpg"
BD1331-BLK-QUEEN,"Mesh Dress & Headwear Set - Black Queen Size","Bedroom Costume",BD1331,29,product,"Baci\BD1331_01","Baci\BD1331_02.jpg"
BD1331-BLK-DIVA,"Mesh Dress & Headwear Set - Black Diva Size","Bedroom Costume",BD1331,32,product,"Baci\BD1331_01","Baci\BD1331_02.jpg"
BD1331-BLK-S/M,"Mesh Dress & Headwear Set - Black Small/Medium","Bedroom Costume",BD1331,0,product,"Baci\BD1331_01","Baci\BD1331_02.jpg"
BD1331-BLK-M/L,"Mesh Dress & Headwear Set - Black Medium/Large","Bedroom Costume",BD1331,15,product,"Baci\BD1331_01","Baci\BD1331_02.jpg"
BD1305-CAMO-DIVA,"Bra and Mini Skirt - Camouflage Diva Size","Bedroom Costume",BD1305,34,product,"Baci\BD1305_01","Baci\BD1305_02.jpg"
BD1305-CAMO-QUEEN,"Bra and Mini Skirt - Camouflage Queen Size","Bedroom Costume",BD1305,35,product,"Baci\BD1305_01","Baci\BD1305_02.jpg"
BD1305-CAMO-S/M,"Bra and Mini Skirt - Camouflage Small/Medium","Bedroom Costume",BD1305,26,product,"Baci\BD1305_01","Baci\BD1305_02.jpg"
BD1305-CAMO-M/L,"Bra and Mini Skirt - Camouflage Medium/Large","Bedroom Costume",BD1305,34,product,"Baci\BD1305_01","Baci\BD1305_02.jpg"
BD1327-BLK-DIVA,"Zip Up Show Me Top, Garter Mini Skirt, and Collar with Cuffs - Black Diva Size","Bedroom Costume",BD1327,37,product,"Baci\BD1327_01","Baci\BD1327_02.jpg"
BD1327-BLK-QUEEN,"Zip Up Show Me Top, Garter Mini Skirt, and Collar with Cuffs - Black Queen Size","Bedroom Costume",BD1327,51,product,"Baci\BD1327_01","Baci\BD1327_02.jpg"
BD1327-BLK-M/L,"Zip Up Show Me Top, Garter Mini Skirt, and Collar with Cuffs - Black Medium/Large","Bedroom Costume",BD1327,95,product,"Baci\BD1327_01","Baci\BD1327_02.jpg"
BD1327-BLK-S/M,"Zip Up Show Me Top, Garter Mini Skirt, and Collar with Cuffs - Black Small/Medium","Bedroom Costume",BD1327,2,product,"Baci\BD1327_01","Baci\BD1327_02.jpg"
